image_id,split,label,probability
chittagong_NORMAL_0001,external,NORMAL,0.08852527
chittagong_NORMAL_0002,external,NORMAL,0.12176221
chittagong_NORMAL_0003,external,NORMAL,0.69755286
chittagong_NORMAL_0004,external,NORMAL,0.22586413
chittagong_NORMAL_0005,external,NORMAL,0.45312735
chittagong_NORMAL_0006,external,NORMAL,0.99304378
chittagong_NORMAL_0007,external,NORMAL,0.31066009
chittagong_NORMAL_0008,external,NORMAL,0.19071342
chittagong_NORMAL_0009,external,NORMAL,0.97918081
chittagong_NORMAL_0010,external,NORMAL,0.45212221
chittagong_NORMAL_0011,external,NORMAL,0.97206104
chittagong_NORMAL_0012,external,NORMAL,0.95981407
chittagong_NORMAL_0013,external,NORMAL,0.09883495
chittagong_NORMAL_0014,external,NORMAL,0.75210404
chittagong_NORMAL_0015,external,NORMAL,0.06923479
chittagong_NORMAL_0016,external,NORMAL,0.22855061
chittagong_NORMAL_0017,external,NORMAL,0.97065979
chittagong_NORMAL_0018,external,NORMAL,0.12748460
chittagong_NORMAL_0019,external,NORMAL,0.02043114
chittagong_NORMAL_0020,external,NORMAL,0.42759550
chittagong_NORMAL_0021,external,NORMAL,0.82625657
chittagong_NORMAL_0022,external,NORMAL,0.77115124
chittagong_NORMAL_0023,external,NORMAL,0.01430971
chittagong_NORMAL_0024,external,NORMAL,0.68993163
chittagong_NORMAL_0025,external,NORMAL,0.46083677
chittagong_NORMAL_0026,external,NORMAL,0.93122852
chittagong_NORMAL_0027,external,NORMAL,0.92723632
chittagong_NORMAL_0028,external,NORMAL,0.09430321
chittagong_NORMAL_0029,external,NORMAL,0.87928665
chittagong_NORMAL_0030,external,NORMAL,0.20135158
chittagong_NORMAL_0031,external,NORMAL,0.28780130
chittagong_NORMAL_0032,external,NORMAL,0.49365002
chittagong_NORMAL_0033,external,NORMAL,0.71322608
chittagong_NORMAL_0034,external,NORMAL,0.02260807
chittagong_NORMAL_0035,external,NORMAL,0.30533484
chittagong_NORMAL_0036,external,NORMAL,0.99603796
chittagong_NORMAL_0037,external,NORMAL,0.11608312
chittagong_NORMAL_0038,external,NORMAL,0.07409196
chittagong_NORMAL_0039,external,NORMAL,0.57224345
chittagong_NORMAL_0040,external,NORMAL,0.65802443
chittagong_NORMAL_0041,external,NORMAL,0.59453917
chittagong_NORMAL_0042,external,NORMAL,0.25398114
chittagong_NORMAL_0043,external,NORMAL,0.36912373
chittagong_NORMAL_0044,external,NORMAL,0.94414282
chittagong_NORMAL_0045,external,NORMAL,0.73629278
chittagong_NORMAL_0046,external,NORMAL,0.94542366
chittagong_NORMAL_0047,external,NORMAL,0.17940770
chittagong_NORMAL_0048,external,NORMAL,0.85908312
chittagong_NORMAL_0049,external,NORMAL,0.32231873
chittagong_NORMAL_0050,external,NORMAL,0.08926445
chittagong_NORMAL_0051,external,NORMAL,0.78710502
chittagong_NORMAL_0052,external,NORMAL,0.41046029
chittagong_NORMAL_0053,external,NORMAL,0.91671371
chittagong_NORMAL_0054,external,NORMAL,0.58596188
chittagong_NORMAL_0055,external,NORMAL,0.00209447
chittagong_NORMAL_0056,external,NORMAL,0.29199710
chittagong_NORMAL_0057,external,NORMAL,0.88899809
chittagong_NORMAL_0058,external,NORMAL,0.88841200
chittagong_NORMAL_0059,external,NORMAL,0.14171197
chittagong_NORMAL_0060,external,NORMAL,0.09913132
chittagong_NORMAL_0061,external,NORMAL,0.89196330
chittagong_NORMAL_0062,external,NORMAL,0.97286981
chittagong_NORMAL_0063,external,NORMAL,0.52927369
chittagong_NORMAL_0064,external,NORMAL,0.62941337
chittagong_NORMAL_0065,external,NORMAL,0.20284411
chittagong_NORMAL_0066,external,NORMAL,0.09432919
chittagong_NORMAL_0067,external,NORMAL,0.76768005
chittagong_NORMAL_0068,external,NORMAL,0.40688992
chittagong_NORMAL_0069,external,NORMAL,0.45653456
chittagong_NORMAL_0070,external,NORMAL,0.85548258
chittagong_NORMAL_0071,external,NORMAL,0.15767783
chittagong_NORMAL_0072,external,NORMAL,0.27598792
chittagong_NORMAL_0073,external,NORMAL,0.91624153
chittagong_NORMAL_0074,external,NORMAL,0.76023644
chittagong_NORMAL_0075,external,NORMAL,0.63772589
chittagong_NORMAL_0076,external,NORMAL,0.95836586
chittagong_NORMAL_0077,external,NORMAL,0.99732399
chittagong_NORMAL_0078,external,NORMAL,0.30682814
chittagong_NORMAL_0079,external,NORMAL,0.39128074
chittagong_NORMAL_0080,external,NORMAL,0.15199263
chittagong_NORMAL_0081,external,NORMAL,0.88097250
chittagong_NORMAL_0082,external,NORMAL,0.84296232
chittagong_NORMAL_0083,external,NORMAL,0.16749968
chittagong_NORMAL_0084,external,NORMAL,0.90579009
chittagong_NORMAL_0085,external,NORMAL,0.47912768
chittagong_NORMAL_0086,external,NORMAL,0.57519454
chittagong_NORMAL_0087,external,NORMAL,0.98785955
chittagong_NORMAL_0088,external,NORMAL,0.25487611
chittagong_NORMAL_0089,external,NORMAL,0.63836467
chittagong_NORMAL_0090,external,NORMAL,0.11408082
chittagong_NORMAL_0091,external,NORMAL,0.12356260
chittagong_NORMAL_0092,external,NORMAL,0.87731206
chittagong_NORMAL_0093,external,NORMAL,0.33992428
chittagong_NORMAL_0094,external,NORMAL,0.10004894
chittagong_NORMAL_0095,external,NORMAL,0.95327723
chittagong_NORMAL_0096,external,NORMAL,0.17751820
chittagong_NORMAL_0097,external,NORMAL,0.93005896
chittagong_NORMAL_0098,external,NORMAL,0.45399606
chittagong_NORMAL_0099,external,NORMAL,0.33484504
chittagong_NORMAL_0100,external,NORMAL,0.65667301
chittagong_NORMAL_0101,external,NORMAL,0.00382110
chittagong_NORMAL_0102,external,NORMAL,0.98314488
chittagong_NORMAL_0103,external,NORMAL,0.51372337
chittagong_NORMAL_0104,external,NORMAL,0.03866339
chittagong_NORMAL_0105,external,NORMAL,0.03218196
chittagong_NORMAL_0106,external,NORMAL,0.44236672
chittagong_NORMAL_0107,external,NORMAL,0.40263209
chittagong_NORMAL_0108,external,NORMAL,0.04850341
chittagong_NORMAL_0109,external,NORMAL,0.11700029
chittagong_NORMAL_0110,external,NORMAL,0.05311433
chittagong_NORMAL_0111,external,NORMAL,0.18927318
chittagong_NORMAL_0112,external,NORMAL,0.23992492
chittagong_NORMAL_0113,external,NORMAL,0.33497581
chittagong_NORMAL_0114,external,NORMAL,0.77750242
chittagong_NORMAL_0115,external,NORMAL,0.01017786
chittagong_NORMAL_0116,external,NORMAL,0.42664874
chittagong_NORMAL_0117,external,NORMAL,0.96058398
chittagong_NORMAL_0118,external,NORMAL,0.20707858
chittagong_NORMAL_0119,external,NORMAL,0.52441394
chittagong_NORMAL_0120,external,NORMAL,0.05870158
chittagong_NORMAL_0121,external,NORMAL,0.81572407
chittagong_NORMAL_0122,external,NORMAL,0.17626862
chittagong_NORMAL_0123,external,NORMAL,0.11578317
chittagong_NORMAL_0124,external,NORMAL,0.53595775
chittagong_NORMAL_0125,external,NORMAL,0.40971035
chittagong_NORMAL_0126,external,NORMAL,0.24679491
chittagong_NORMAL_0127,external,NORMAL,0.99379337
chittagong_NORMAL_0128,external,NORMAL,0.27269512
chittagong_NORMAL_0129,external,NORMAL,0.80127019
chittagong_NORMAL_0130,external,NORMAL,0.12556291
chittagong_NORMAL_0131,external,NORMAL,0.98595679
chittagong_NORMAL_0132,external,NORMAL,0.07753344
chittagong_NORMAL_0133,external,NORMAL,0.68123657
chittagong_NORMAL_0134,external,NORMAL,0.04339079
chittagong_NORMAL_0135,external,NORMAL,0.28109509
chittagong_NORMAL_0136,external,NORMAL,0.99174917
chittagong_NORMAL_0137,external,NORMAL,0.99739277
chittagong_NORMAL_0138,external,NORMAL,0.70743603
chittagong_NORMAL_0139,external,NORMAL,0.68097532
chittagong_NORMAL_0140,external,NORMAL,0.77504873
chittagong_NORMAL_0141,external,NORMAL,0.10794003
chittagong_NORMAL_0142,external,NORMAL,0.19549714
chittagong_NORMAL_0143,external,NORMAL,0.07618406
chittagong_NORMAL_0144,external,NORMAL,0.75896174
chittagong_NORMAL_0145,external,NORMAL,0.64520240
chittagong_NORMAL_0146,external,NORMAL,0.15447430
chittagong_NORMAL_0147,external,NORMAL,0.20770094
chittagong_NORMAL_0148,external,NORMAL,0.62430805
chittagong_NORMAL_0149,external,NORMAL,0.52081186
chittagong_NORMAL_0150,external,NORMAL,0.83630490
chittagong_NORMAL_0151,external,NORMAL,0.34039095
chittagong_NORMAL_0152,external,NORMAL,0.47631311
chittagong_NORMAL_0153,external,NORMAL,0.81500101
chittagong_NORMAL_0154,external,NORMAL,0.82155019
chittagong_NORMAL_0155,external,NORMAL,0.00758045
chittagong_NORMAL_0156,external,NORMAL,0.03312194
chittagong_NORMAL_0157,external,NORMAL,0.14196749
chittagong_NORMAL_0158,external,NORMAL,0.79348630
chittagong_NORMAL_0159,external,NORMAL,0.68390220
chittagong_NORMAL_0160,external,NORMAL,0.13061641
chittagong_NORMAL_0161,external,NORMAL,0.98772228
chittagong_NORMAL_0162,external,NORMAL,0.49084377
chittagong_NORMAL_0163,external,NORMAL,0.65600461
chittagong_NORMAL_0164,external,NORMAL,0.93143338
chittagong_NORMAL_0165,external,NORMAL,0.03242529
chittagong_NORMAL_0166,external,NORMAL,0.37250453
chittagong_NORMAL_0167,external,NORMAL,0.07637367
chittagong_NORMAL_0168,external,NORMAL,0.96883595
chittagong_NORMAL_0169,external,NORMAL,0.16436960
chittagong_NORMAL_0170,external,NORMAL,0.71138227
chittagong_NORMAL_0171,external,NORMAL,0.63157630
chittagong_NORMAL_0172,external,NORMAL,0.76257592
chittagong_NORMAL_0173,external,NORMAL,0.82032996
chittagong_NORMAL_0174,external,NORMAL,0.83520830
chittagong_NORMAL_0175,external,NORMAL,0.96673310
chittagong_NORMAL_0176,external,NORMAL,0.00602730
chittagong_NORMAL_0177,external,NORMAL,0.99723852
chittagong_NORMAL_0178,external,NORMAL,0.00608903
chittagong_NORMAL_0179,external,NORMAL,0.58420938
chittagong_NORMAL_0180,external,NORMAL,0.99365789
chittagong_NORMAL_0181,external,NORMAL,0.04239301
chittagong_NORMAL_0182,external,NORMAL,0.27898654
chittagong_NORMAL_0183,external,NORMAL,0.42093369
chittagong_NORMAL_0184,external,NORMAL,0.86980921
chittagong_NORMAL_0185,external,NORMAL,0.47599962
chittagong_NORMAL_0186,external,NORMAL,0.32573816
chittagong_NORMAL_0187,external,NORMAL,0.11417827
chittagong_NORMAL_0188,external,NORMAL,0.57292807
chittagong_NORMAL_0189,external,NORMAL,0.06890713
chittagong_NORMAL_0190,external,NORMAL,0.76755345
chittagong_NORMAL_0191,external,NORMAL,0.96348053
chittagong_NORMAL_0192,external,NORMAL,0.59425086
chittagong_NORMAL_0193,external,NORMAL,0.10372693
chittagong_NORMAL_0194,external,NORMAL,0.99132204
chittagong_NORMAL_0195,external,NORMAL,0.99346912
chittagong_NORMAL_0196,external,NORMAL,0.99916303
chittagong_NORMAL_0197,external,NORMAL,0.84233069
chittagong_NORMAL_0198,external,NORMAL,0.94723982
chittagong_NORMAL_0199,external,NORMAL,0.98320711
chittagong_NORMAL_0200,external,NORMAL,0.11782837
chittagong_NORMAL_0201,external,NORMAL,0.86421335
chittagong_NORMAL_0202,external,NORMAL,0.89192933
chittagong_NORMAL_0203,external,NORMAL,0.88860583
chittagong_NORMAL_0204,external,NORMAL,0.27814803
chittagong_NORMAL_0205,external,NORMAL,0.83500731
chittagong_NORMAL_0206,external,NORMAL,0.83257121
chittagong_NORMAL_0207,external,NORMAL,0.77989405
chittagong_NORMAL_0208,external,NORMAL,0.88449758
chittagong_NORMAL_0209,external,NORMAL,0.83971590
chittagong_NORMAL_0210,external,NORMAL,0.38861606
chittagong_NORMAL_0211,external,NORMAL,0.80299157
chittagong_NORMAL_0212,external,NORMAL,0.56926763
chittagong_NORMAL_0213,external,NORMAL,0.93567634
chittagong_NORMAL_0214,external,NORMAL,0.07339228
chittagong_NORMAL_0215,external,NORMAL,0.42057046
chittagong_NORMAL_0216,external,NORMAL,0.99123210
chittagong_NORMAL_0217,external,NORMAL,0.38031998
chittagong_NORMAL_0218,external,NORMAL,0.26856908
chittagong_NORMAL_0219,external,NORMAL,0.21965426
chittagong_NORMAL_0220,external,NORMAL,0.79931730
chittagong_NORMAL_0221,external,NORMAL,0.84157318
chittagong_NORMAL_0222,external,NORMAL,0.99574369
chittagong_NORMAL_0223,external,NORMAL,0.22738227
chittagong_NORMAL_0224,external,NORMAL,0.95722765
chittagong_NORMAL_0225,external,NORMAL,0.05034628
chittagong_NORMAL_0226,external,NORMAL,0.46748760
chittagong_NORMAL_0227,external,NORMAL,0.99200308
chittagong_NORMAL_0228,external,NORMAL,0.59868205
chittagong_NORMAL_0229,external,NORMAL,0.97761428
chittagong_NORMAL_0230,external,NORMAL,0.79022253
chittagong_NORMAL_0231,external,NORMAL,0.05404813
chittagong_NORMAL_0232,external,NORMAL,0.12732865
chittagong_NORMAL_0233,external,NORMAL,0.02054497
chittagong_NORMAL_0234,external,NORMAL,0.68273765
chittagong_NORMAL_0235,external,NORMAL,0.17519614
chittagong_NORMAL_0236,external,NORMAL,0.75205392
chittagong_NORMAL_0237,external,NORMAL,0.87918913
chittagong_NORMAL_0238,external,NORMAL,0.43476138
chittagong_NORMAL_0239,external,NORMAL,0.93654144
chittagong_NORMAL_0240,external,NORMAL,0.96860206
chittagong_NORMAL_0241,external,NORMAL,0.88928014
chittagong_NORMAL_0242,external,NORMAL,0.35624290
chittagong_NORMAL_0243,external,NORMAL,0.41965893
chittagong_NORMAL_0244,external,NORMAL,0.67176032
chittagong_NORMAL_0245,external,NORMAL,0.46615037
chittagong_NORMAL_0246,external,NORMAL,0.02127847
chittagong_NORMAL_0247,external,NORMAL,0.91045171
chittagong_NORMAL_0248,external,NORMAL,0.05619842
chittagong_NORMAL_0249,external,NORMAL,0.59065038
chittagong_NORMAL_0250,external,NORMAL,0.01255948
chittagong_NORMAL_0251,external,NORMAL,0.96214837
chittagong_NORMAL_0252,external,NORMAL,0.49768770
chittagong_NORMAL_0253,external,NORMAL,0.90625763
chittagong_NORMAL_0254,external,NORMAL,0.79175025
chittagong_NORMAL_0255,external,NORMAL,0.95187968
chittagong_NORMAL_0256,external,NORMAL,0.07582055
chittagong_NORMAL_0257,external,NORMAL,0.20085421
chittagong_NORMAL_0258,external,NORMAL,0.98632926
chittagong_NORMAL_0259,external,NORMAL,0.19377637
chittagong_NORMAL_0260,external,NORMAL,0.00859420
chittagong_NORMAL_0261,external,NORMAL,0.40381452
chittagong_NORMAL_0262,external,NORMAL,0.98987234
chittagong_NORMAL_0263,external,NORMAL,0.04341828
chittagong_NORMAL_0264,external,NORMAL,0.11882401
chittagong_NORMAL_0265,external,NORMAL,0.10168786
chittagong_NORMAL_0266,external,NORMAL,0.61109877
chittagong_NORMAL_0267,external,NORMAL,0.63429123
chittagong_NORMAL_0268,external,NORMAL,0.01318923
chittagong_NORMAL_0269,external,NORMAL,0.84672594
chittagong_NORMAL_0270,external,NORMAL,0.25545168
chittagong_NORMAL_0271,external,NORMAL,0.86003184
chittagong_NORMAL_0272,external,NORMAL,0.52784342
chittagong_NORMAL_0273,external,NORMAL,0.32570872
chittagong_NORMAL_0274,external,NORMAL,0.04270656
chittagong_NORMAL_0275,external,NORMAL,0.80590534
chittagong_NORMAL_0276,external,NORMAL,0.38298017
chittagong_NORMAL_0277,external,NORMAL,0.96716446
chittagong_NORMAL_0278,external,NORMAL,0.91218972
chittagong_NORMAL_0279,external,NORMAL,0.75453883
chittagong_NORMAL_0280,external,NORMAL,0.22537957
chittagong_NORMAL_0281,external,NORMAL,0.56973952
chittagong_NORMAL_0282,external,NORMAL,0.00267724
chittagong_NORMAL_0283,external,NORMAL,0.11775208
chittagong_NORMAL_0284,external,NORMAL,0.20764294
chittagong_NORMAL_0285,external,NORMAL,0.99901843
chittagong_NORMAL_0286,external,NORMAL,0.84627801
chittagong_NORMAL_0287,external,NORMAL,0.16556062
chittagong_NORMAL_0288,external,NORMAL,0.94805795
chittagong_NORMAL_0289,external,NORMAL,0.36201024
chittagong_NORMAL_0290,external,NORMAL,0.31673521
chittagong_NORMAL_0291,external,NORMAL,0.62829787
chittagong_NORMAL_0292,external,NORMAL,0.95795357
chittagong_NORMAL_0293,external,NORMAL,0.03881720
chittagong_NORMAL_0294,external,NORMAL,0.93622804
chittagong_NORMAL_0295,external,NORMAL,0.86845404
chittagong_NORMAL_0296,external,NORMAL,0.00534818
chittagong_NORMAL_0297,external,NORMAL,0.63470608
chittagong_NORMAL_0298,external,NORMAL,0.15273124
chittagong_NORMAL_0299,external,NORMAL,0.97597927
chittagong_NORMAL_0300,external,NORMAL,0.99911708
chittagong_NORMAL_0301,external,NORMAL,0.41511962
chittagong_NORMAL_0302,external,NORMAL,0.74327374
chittagong_NORMAL_0303,external,NORMAL,0.91992575
chittagong_NORMAL_0304,external,NORMAL,0.01355728
chittagong_NORMAL_0305,external,NORMAL,0.16577835
chittagong_NORMAL_0306,external,NORMAL,0.83908117
chittagong_NORMAL_0307,external,NORMAL,0.83382541
chittagong_NORMAL_0308,external,NORMAL,0.98413390
chittagong_NORMAL_0309,external,NORMAL,0.99677187
chittagong_NORMAL_0310,external,NORMAL,0.74108839
chittagong_NORMAL_0311,external,NORMAL,0.64399618
chittagong_NORMAL_0312,external,NORMAL,0.21935119
chittagong_NORMAL_0313,external,NORMAL,0.93039489
chittagong_NORMAL_0314,external,NORMAL,0.23639262
chittagong_NORMAL_0315,external,NORMAL,0.91726696
chittagong_NORMAL_0316,external,NORMAL,0.77646494
chittagong_NORMAL_0317,external,NORMAL,0.35460153
chittagong_NORMAL_0318,external,NORMAL,0.50594968
chittagong_NORMAL_0319,external,NORMAL,0.14362855
chittagong_NORMAL_0320,external,NORMAL,0.59736729
chittagong_NORMAL_0321,external,NORMAL,0.96072054
chittagong_NORMAL_0322,external,NORMAL,0.94311011
chittagong_NORMAL_0323,external,NORMAL,0.49134094
chittagong_NORMAL_0324,external,NORMAL,0.89612931
chittagong_NORMAL_0325,external,NORMAL,0.77728671
chittagong_NORMAL_0326,external,NORMAL,0.50070685
chittagong_NORMAL_0327,external,NORMAL,0.85606617
chittagong_NORMAL_0328,external,NORMAL,0.06068063
chittagong_NORMAL_0329,external,NORMAL,0.03919460
chittagong_NORMAL_0330,external,NORMAL,0.90624636
chittagong_NORMAL_0331,external,NORMAL,0.23903957
chittagong_NORMAL_0332,external,NORMAL,0.01915432
chittagong_NORMAL_0333,external,NORMAL,0.47501650
chittagong_NORMAL_0334,external,NORMAL,0.06378059
chittagong_NORMAL_0335,external,NORMAL,0.97727191
chittagong_NORMAL_0336,external,NORMAL,0.98371398
chittagong_NORMAL_0337,external,NORMAL,0.98311228
chittagong_NORMAL_0338,external,NORMAL,0.72711450
chittagong_NORMAL_0339,external,NORMAL,0.02832081
chittagong_NORMAL_0340,external,NORMAL,0.89295197
chittagong_NORMAL_0341,external,NORMAL,0.92520869
chittagong_NORMAL_0342,external,NORMAL,0.99477452
chittagong_NORMAL_0343,external,NORMAL,0.58622706
chittagong_NORMAL_0344,external,NORMAL,0.30896965
chittagong_NORMAL_0345,external,NORMAL,0.90715241
chittagong_NORMAL_0346,external,NORMAL,0.61349189
chittagong_NORMAL_0347,external,NORMAL,0.96098077
chittagong_NORMAL_0348,external,NORMAL,0.19904232
chittagong_NORMAL_0349,external,NORMAL,0.14921021
chittagong_NORMAL_0350,external,NORMAL,0.12763989
chittagong_NORMAL_0351,external,NORMAL,0.56148905
chittagong_NORMAL_0352,external,NORMAL,0.00597321
chittagong_NORMAL_0353,external,NORMAL,0.36774597
chittagong_NORMAL_0354,external,NORMAL,0.09122615
chittagong_NORMAL_0355,external,NORMAL,0.81864792
chittagong_NORMAL_0356,external,NORMAL,0.31476495
chittagong_NORMAL_0357,external,NORMAL,0.87533844
chittagong_NORMAL_0358,external,NORMAL,0.35935137
chittagong_NORMAL_0359,external,NORMAL,0.91957492
chittagong_NORMAL_0360,external,NORMAL,0.86654204
chittagong_NORMAL_0361,external,NORMAL,0.49823594
chittagong_NORMAL_0362,external,NORMAL,0.44209892
chittagong_NORMAL_0363,external,NORMAL,0.96292394
chittagong_NORMAL_0364,external,NORMAL,0.95322835
chittagong_NORMAL_0365,external,NORMAL,0.36425564
chittagong_NORMAL_0366,external,NORMAL,0.98843795
chittagong_NORMAL_0367,external,NORMAL,0.13885920
chittagong_NORMAL_0368,external,NORMAL,0.35521254
chittagong_NORMAL_0369,external,NORMAL,0.90202850
chittagong_NORMAL_0370,external,NORMAL,0.55524248
chittagong_NORMAL_0371,external,NORMAL,0.68548036
chittagong_NORMAL_0372,external,NORMAL,0.16285723
chittagong_NORMAL_0373,external,NORMAL,0.10374268
chittagong_NORMAL_0374,external,NORMAL,0.01989952
chittagong_NORMAL_0375,external,NORMAL,0.55810618
chittagong_NORMAL_0376,external,NORMAL,0.91261339
chittagong_NORMAL_0377,external,NORMAL,0.25960797
chittagong_NORMAL_0378,external,NORMAL,0.93632793
chittagong_NORMAL_0379,external,NORMAL,0.20125195
chittagong_NORMAL_0380,external,NORMAL,0.95252752
chittagong_NORMAL_0381,external,NORMAL,0.64698410
chittagong_NORMAL_0382,external,NORMAL,0.82591826
chittagong_NORMAL_0383,external,NORMAL,0.05340784
chittagong_NORMAL_0384,external,NORMAL,0.98587662
chittagong_NORMAL_0385,external,NORMAL,0.31838912
chittagong_NORMAL_0386,external,NORMAL,0.45275226
chittagong_NORMAL_0387,external,NORMAL,0.19974232
chittagong_NORMAL_0388,external,NORMAL,0.37003574
chittagong_NORMAL_0389,external,NORMAL,0.60862505
chittagong_NORMAL_0390,external,NORMAL,0.18752944
chittagong_NORMAL_0391,external,NORMAL,0.83588523
chittagong_NORMAL_0392,external,NORMAL,0.83115387
chittagong_NORMAL_0393,external,NORMAL,0.63903540
chittagong_NORMAL_0394,external,NORMAL,0.59678924
chittagong_NORMAL_0395,external,NORMAL,0.78621358
chittagong_NORMAL_0396,external,NORMAL,0.80649859
chittagong_NORMAL_0397,external,NORMAL,0.64072281
chittagong_NORMAL_0398,external,NORMAL,0.24578172
chittagong_NORMAL_0399,external,NORMAL,0.86484843
chittagong_NORMAL_0400,external,NORMAL,0.56058306
chittagong_NORMAL_0401,external,NORMAL,0.98040730
chittagong_NORMAL_0402,external,NORMAL,0.69801188
chittagong_NORMAL_0403,external,NORMAL,0.12745892
chittagong_NORMAL_0404,external,NORMAL,0.00662858
chittagong_NORMAL_0405,external,NORMAL,0.98748106
chittagong_NORMAL_0406,external,NORMAL,0.49772510
chittagong_NORMAL_0407,external,NORMAL,0.04948221
chittagong_NORMAL_0408,external,NORMAL,0.15686983
chittagong_NORMAL_0409,external,NORMAL,0.97772127
chittagong_NORMAL_0410,external,NORMAL,0.51699644
chittagong_NORMAL_0411,external,NORMAL,0.99530280
chittagong_NORMAL_0412,external,NORMAL,0.22080199
chittagong_NORMAL_0413,external,NORMAL,0.63458812
chittagong_NORMAL_0414,external,NORMAL,0.09801837
chittagong_NORMAL_0415,external,NORMAL,0.71508300
chittagong_NORMAL_0416,external,NORMAL,0.80644184
chittagong_NORMAL_0417,external,NORMAL,0.99442446
chittagong_NORMAL_0418,external,NORMAL,0.56844765
chittagong_NORMAL_0419,external,NORMAL,0.87921029
chittagong_NORMAL_0420,external,NORMAL,0.79066890
chittagong_NORMAL_0421,external,NORMAL,0.34304380
chittagong_NORMAL_0422,external,NORMAL,0.21028860
chittagong_NORMAL_0423,external,NORMAL,0.05616149
chittagong_NORMAL_0424,external,NORMAL,0.99397862
chittagong_NORMAL_0425,external,NORMAL,0.50770718
chittagong_NORMAL_0426,external,NORMAL,0.15587524
chittagong_NORMAL_0427,external,NORMAL,0.57104415
chittagong_NORMAL_0428,external,NORMAL,0.99083227
chittagong_NORMAL_0429,external,NORMAL,0.87708056
chittagong_NORMAL_0430,external,NORMAL,0.72638661
chittagong_NORMAL_0431,external,NORMAL,0.99354494
chittagong_NORMAL_0432,external,NORMAL,0.95879841
chittagong_NORMAL_0433,external,NORMAL,0.94184697
chittagong_NORMAL_0434,external,NORMAL,0.14170460
chittagong_NORMAL_0435,external,NORMAL,0.14001527
chittagong_NORMAL_0436,external,NORMAL,0.94373381
chittagong_NORMAL_0437,external,NORMAL,0.99801576
chittagong_NORMAL_0438,external,NORMAL,0.14710169
chittagong_NORMAL_0439,external,NORMAL,0.60157257
chittagong_NORMAL_0440,external,NORMAL,0.68623680
chittagong_NORMAL_0441,external,NORMAL,0.94455796
chittagong_NORMAL_0442,external,NORMAL,0.99296814
chittagong_NORMAL_0443,external,NORMAL,0.01338005
chittagong_NORMAL_0444,external,NORMAL,0.83800119
chittagong_NORMAL_0445,external,NORMAL,0.02958712
chittagong_NORMAL_0446,external,NORMAL,0.05586263
chittagong_NORMAL_0447,external,NORMAL,0.84807092
chittagong_NORMAL_0448,external,NORMAL,0.99846691
chittagong_NORMAL_0449,external,NORMAL,0.90974158
chittagong_NORMAL_0450,external,NORMAL,0.17484562
chittagong_NORMAL_0451,external,NORMAL,0.72688013
chittagong_NORMAL_0452,external,NORMAL,0.90570444
chittagong_NORMAL_0453,external,NORMAL,0.99965429
chittagong_NORMAL_0454,external,NORMAL,0.52114373
chittagong_NORMAL_0455,external,NORMAL,0.34505001
chittagong_NORMAL_0456,external,NORMAL,0.34230676
chittagong_NORMAL_0457,external,NORMAL,0.01469757
chittagong_NORMAL_0458,external,NORMAL,0.40165195
chittagong_NORMAL_0459,external,NORMAL,0.00656131
chittagong_NORMAL_0460,external,NORMAL,0.89352328
chittagong_NORMAL_0461,external,NORMAL,0.95523942
chittagong_NORMAL_0462,external,NORMAL,0.56029940
chittagong_NORMAL_0463,external,NORMAL,0.50783563
chittagong_NORMAL_0464,external,NORMAL,0.20734790
chittagong_NORMAL_0465,external,NORMAL,0.03875928
chittagong_NORMAL_0466,external,NORMAL,0.55266702
chittagong_NORMAL_0467,external,NORMAL,0.53263950
chittagong_NORMAL_0468,external,NORMAL,0.22374447
chittagong_NORMAL_0469,external,NORMAL,0.89298809
chittagong_NORMAL_0470,external,NORMAL,0.39251980
chittagong_NORMAL_0471,external,NORMAL,0.45427117
chittagong_NORMAL_0472,external,NORMAL,0.60119706
chittagong_NORMAL_0473,external,NORMAL,0.97575581
chittagong_NORMAL_0474,external,NORMAL,0.14858358
chittagong_NORMAL_0475,external,NORMAL,0.26150379
chittagong_NORMAL_0476,external,NORMAL,0.88334435
chittagong_NORMAL_0477,external,NORMAL,0.99887115
chittagong_NORMAL_0478,external,NORMAL,0.21799076
chittagong_NORMAL_0479,external,NORMAL,0.90385598
chittagong_NORMAL_0480,external,NORMAL,0.87161285
chittagong_NORMAL_0481,external,NORMAL,0.30040237
chittagong_NORMAL_0482,external,NORMAL,0.80757898
chittagong_NORMAL_0483,external,NORMAL,0.70975542
chittagong_NORMAL_0484,external,NORMAL,0.28822672
chittagong_NORMAL_0485,external,NORMAL,0.17679887
chittagong_NORMAL_0486,external,NORMAL,0.67062575
chittagong_NORMAL_0487,external,NORMAL,0.99558556
chittagong_NORMAL_0488,external,NORMAL,0.56566542
chittagong_NORMAL_0489,external,NORMAL,0.90502912
chittagong_NORMAL_0490,external,NORMAL,0.33679339
chittagong_NORMAL_0491,external,NORMAL,0.23584202
chittagong_NORMAL_0492,external,NORMAL,0.43274722
chittagong_NORMAL_0493,external,NORMAL,0.57845110
chittagong_NORMAL_0494,external,NORMAL,0.96931463
chittagong_NORMAL_0495,external,NORMAL,0.89038754
chittagong_NORMAL_0496,external,NORMAL,0.98299521
chittagong_NORMAL_0497,external,NORMAL,0.65706134
chittagong_NORMAL_0498,external,NORMAL,0.32804760
chittagong_NORMAL_0499,external,NORMAL,0.25907382
chittagong_NORMAL_0500,external,NORMAL,0.68151832
chittagong_NORMAL_0501,external,NORMAL,0.28934991
chittagong_NORMAL_0502,external,NORMAL,0.35935301
chittagong_NORMAL_0503,external,NORMAL,0.21648866
chittagong_NORMAL_0504,external,NORMAL,0.61307919
chittagong_NORMAL_0505,external,NORMAL,0.85539132
chittagong_NORMAL_0506,external,NORMAL,0.14628980
chittagong_NORMAL_0507,external,NORMAL,0.99763131
chittagong_NORMAL_0508,external,NORMAL,0.20163459
chittagong_NORMAL_0509,external,NORMAL,0.21047965
chittagong_NORMAL_0510,external,NORMAL,0.99907136
chittagong_NORMAL_0511,external,NORMAL,0.99533588
chittagong_NORMAL_0512,external,NORMAL,0.95165676
chittagong_NORMAL_0513,external,NORMAL,0.54111803
chittagong_NORMAL_0514,external,NORMAL,0.11027757
chittagong_NORMAL_0515,external,NORMAL,0.16513930
chittagong_NORMAL_0516,external,NORMAL,0.90894568
chittagong_NORMAL_0517,external,NORMAL,0.57546806
chittagong_NORMAL_0518,external,NORMAL,0.33963135
chittagong_NORMAL_0519,external,NORMAL,0.26476368
chittagong_NORMAL_0520,external,NORMAL,0.67974597
chittagong_NORMAL_0521,external,NORMAL,0.03872082
chittagong_NORMAL_0522,external,NORMAL,0.45535037
chittagong_NORMAL_0523,external,NORMAL,0.81998861
chittagong_NORMAL_0524,external,NORMAL,0.82746506
chittagong_NORMAL_0525,external,NORMAL,0.17738520
chittagong_NORMAL_0526,external,NORMAL,0.96672541
chittagong_NORMAL_0527,external,NORMAL,0.13296565
chittagong_NORMAL_0528,external,NORMAL,0.86902422
chittagong_NORMAL_0529,external,NORMAL,0.95947856
chittagong_NORMAL_0530,external,NORMAL,0.79479164
chittagong_NORMAL_0531,external,NORMAL,0.96730429
chittagong_NORMAL_0532,external,NORMAL,0.75346625
chittagong_NORMAL_0533,external,NORMAL,0.74729544
chittagong_NORMAL_0534,external,NORMAL,0.94628817
chittagong_NORMAL_0535,external,NORMAL,0.02182881
chittagong_NORMAL_0536,external,NORMAL,0.66372120
chittagong_NORMAL_0537,external,NORMAL,0.02717728
chittagong_NORMAL_0538,external,NORMAL,0.01438825
chittagong_NORMAL_0539,external,NORMAL,0.82078713
chittagong_NORMAL_0540,external,NORMAL,0.93490666
chittagong_NORMAL_0541,external,NORMAL,0.28644204
chittagong_NORMAL_0542,external,NORMAL,0.92955041
chittagong_NORMAL_0543,external,NORMAL,0.93689090
chittagong_NORMAL_0544,external,NORMAL,0.97816133
chittagong_NORMAL_0545,external,NORMAL,0.98684978
chittagong_NORMAL_0546,external,NORMAL,0.03533074
chittagong_NORMAL_0547,external,NORMAL,0.46172825
chittagong_NORMAL_0548,external,NORMAL,0.48233828
chittagong_NORMAL_0549,external,NORMAL,0.43571904
chittagong_NORMAL_0550,external,NORMAL,0.80452991
chittagong_NORMAL_0551,external,NORMAL,0.06295838
chittagong_NORMAL_0552,external,NORMAL,0.67502552
chittagong_NORMAL_0553,external,NORMAL,0.82409400
chittagong_NORMAL_0554,external,NORMAL,0.94248199
chittagong_NORMAL_0555,external,NORMAL,0.27446619
chittagong_NORMAL_0556,external,NORMAL,0.36943278
chittagong_NORMAL_0557,external,NORMAL,0.01962734
chittagong_NORMAL_0558,external,NORMAL,0.88125533
chittagong_NORMAL_0559,external,NORMAL,0.00325751
chittagong_NORMAL_0560,external,NORMAL,0.47933993
chittagong_NORMAL_0561,external,NORMAL,0.97889721
chittagong_NORMAL_0562,external,NORMAL,0.00165148
chittagong_NORMAL_0563,external,NORMAL,0.41504252
chittagong_NORMAL_0564,external,NORMAL,0.29915276
chittagong_NORMAL_0565,external,NORMAL,0.19086561
chittagong_NORMAL_0566,external,NORMAL,0.05126275
chittagong_NORMAL_0567,external,NORMAL,0.12141712
chittagong_NORMAL_0568,external,NORMAL,0.21313295
chittagong_NORMAL_0569,external,NORMAL,0.07901974
chittagong_NORMAL_0570,external,NORMAL,0.37065932
chittagong_NORMAL_0571,external,NORMAL,0.04122864
chittagong_NORMAL_0572,external,NORMAL,0.74935478
chittagong_NORMAL_0573,external,NORMAL,0.43913564
chittagong_NORMAL_0574,external,NORMAL,0.43424708
chittagong_NORMAL_0575,external,NORMAL,0.33144552
chittagong_NORMAL_0576,external,NORMAL,0.26551566
chittagong_NORMAL_0577,external,NORMAL,0.99944562
chittagong_NORMAL_0578,external,NORMAL,0.02268829
chittagong_NORMAL_0579,external,NORMAL,0.66434956
chittagong_NORMAL_0580,external,NORMAL,0.44780228
chittagong_NORMAL_0581,external,NORMAL,0.70808983
chittagong_NORMAL_0582,external,NORMAL,0.96011090
chittagong_NORMAL_0583,external,NORMAL,0.63636225
chittagong_NORMAL_0584,external,NORMAL,0.21695779
chittagong_NORMAL_0585,external,NORMAL,0.00696079
chittagong_NORMAL_0586,external,NORMAL,0.10146137
chittagong_NORMAL_0587,external,NORMAL,0.37176666
chittagong_NORMAL_0588,external,NORMAL,0.62649691
chittagong_NORMAL_0589,external,NORMAL,0.14822657
chittagong_NORMAL_0590,external,NORMAL,0.89933324
chittagong_NORMAL_0591,external,NORMAL,0.01494615
chittagong_NORMAL_0592,external,NORMAL,0.07866058
chittagong_NORMAL_0593,external,NORMAL,0.25810304
chittagong_NORMAL_0594,external,NORMAL,0.05393587
chittagong_NORMAL_0595,external,NORMAL,0.04537540
chittagong_NORMAL_0596,external,NORMAL,0.89591640
chittagong_NORMAL_0597,external,NORMAL,0.09870815
chittagong_NORMAL_0598,external,NORMAL,0.60536098
chittagong_NORMAL_0599,external,NORMAL,0.23441677
chittagong_NORMAL_0600,external,NORMAL,0.33072084
chittagong_NORMAL_0601,external,NORMAL,0.10358752
chittagong_NORMAL_0602,external,NORMAL,0.92798358
chittagong_NORMAL_0603,external,NORMAL,0.99072403
chittagong_NORMAL_0604,external,NORMAL,0.81518543
chittagong_NORMAL_0605,external,NORMAL,0.97704118
chittagong_NORMAL_0606,external,NORMAL,0.07816589
chittagong_NORMAL_0607,external,NORMAL,0.04393683
chittagong_NORMAL_0608,external,NORMAL,0.31569111
chittagong_NORMAL_0609,external,NORMAL,0.90908283
chittagong_NORMAL_0610,external,NORMAL,0.73922366
chittagong_NORMAL_0611,external,NORMAL,0.93468529
chittagong_NORMAL_0612,external,NORMAL,0.85600358
chittagong_NORMAL_0613,external,NORMAL,0.62483174
chittagong_NORMAL_0614,external,NORMAL,0.81701040
chittagong_NORMAL_0615,external,NORMAL,0.37541291
chittagong_NORMAL_0616,external,NORMAL,0.51897460
chittagong_NORMAL_0617,external,NORMAL,0.06674849
chittagong_NORMAL_0618,external,NORMAL,0.64032662
chittagong_NORMAL_0619,external,NORMAL,0.05785246
chittagong_NORMAL_0620,external,NORMAL,0.72186238
chittagong_NORMAL_0621,external,NORMAL,0.98749512
chittagong_NORMAL_0622,external,NORMAL,0.00918826
chittagong_NORMAL_0623,external,NORMAL,0.40265888
chittagong_NORMAL_0624,external,NORMAL,0.14729816
chittagong_NORMAL_0625,external,NORMAL,0.20009361
chittagong_NORMAL_0626,external,NORMAL,0.83963597
chittagong_NORMAL_0627,external,NORMAL,0.00446249
chittagong_NORMAL_0628,external,NORMAL,0.22548695
chittagong_NORMAL_0629,external,NORMAL,0.59374589
chittagong_NORMAL_0630,external,NORMAL,0.98300147
chittagong_NORMAL_0631,external,NORMAL,0.94049567
chittagong_NORMAL_0632,external,NORMAL,0.39449480
chittagong_NORMAL_0633,external,NORMAL,0.85216767
chittagong_NORMAL_0634,external,NORMAL,0.03186883
chittagong_NORMAL_0635,external,NORMAL,0.89770752
chittagong_NORMAL_0636,external,NORMAL,0.15078570
chittagong_NORMAL_0637,external,NORMAL,0.90139604
chittagong_NORMAL_0638,external,NORMAL,0.63171548
chittagong_NORMAL_0639,external,NORMAL,0.13383940
chittagong_NORMAL_0640,external,NORMAL,0.10240933
chittagong_NORMAL_0641,external,NORMAL,0.13863122
chittagong_NORMAL_0642,external,NORMAL,0.19976504
chittagong_NORMAL_0643,external,NORMAL,0.18792574
chittagong_NORMAL_0644,external,NORMAL,0.98329180
chittagong_NORMAL_0645,external,NORMAL,0.51785845
chittagong_NORMAL_0646,external,NORMAL,0.93463367
chittagong_NORMAL_0647,external,NORMAL,0.84207088
chittagong_NORMAL_0648,external,NORMAL,0.99483407
chittagong_NORMAL_0649,external,NORMAL,0.49078101
chittagong_NORMAL_0650,external,NORMAL,0.53319633
chittagong_NORMAL_0651,external,NORMAL,0.49291247
chittagong_NORMAL_0652,external,NORMAL,0.98163384
chittagong_NORMAL_0653,external,NORMAL,0.91587669
chittagong_NORMAL_0654,external,NORMAL,0.86987126
chittagong_NORMAL_0655,external,NORMAL,0.01847331
chittagong_NORMAL_0656,external,NORMAL,0.03804661
chittagong_NORMAL_0657,external,NORMAL,0.88193929
chittagong_NORMAL_0658,external,NORMAL,0.10548905
chittagong_NORMAL_0659,external,NORMAL,0.30025622
chittagong_NORMAL_0660,external,NORMAL,0.05122288
chittagong_NORMAL_0661,external,NORMAL,0.39627525
chittagong_NORMAL_0662,external,NORMAL,0.12420568
chittagong_NORMAL_0663,external,NORMAL,0.50726873
chittagong_NORMAL_0664,external,NORMAL,0.10602519
chittagong_NORMAL_0665,external,NORMAL,0.71948850
chittagong_NORMAL_0666,external,NORMAL,0.32377481
chittagong_NORMAL_0667,external,NORMAL,0.97394466
chittagong_NORMAL_0668,external,NORMAL,0.12438676
chittagong_NORMAL_0669,external,NORMAL,0.02261809
chittagong_NORMAL_0670,external,NORMAL,0.72837001
chittagong_NORMAL_0671,external,NORMAL,0.74448973
chittagong_NORMAL_0672,external,NORMAL,0.81606770
chittagong_NORMAL_0673,external,NORMAL,0.54338771
chittagong_NORMAL_0674,external,NORMAL,0.98663503
chittagong_NORMAL_0675,external,NORMAL,0.05553544
chittagong_NORMAL_0676,external,NORMAL,0.48121962
chittagong_NORMAL_0677,external,NORMAL,0.82154751
chittagong_NORMAL_0678,external,NORMAL,0.03591996
chittagong_NORMAL_0679,external,NORMAL,0.62177092
chittagong_NORMAL_0680,external,NORMAL,0.76241565
chittagong_NORMAL_0681,external,NORMAL,0.33071342
chittagong_NORMAL_0682,external,NORMAL,0.99480164
chittagong_NORMAL_0683,external,NORMAL,0.07330058
chittagong_NORMAL_0684,external,NORMAL,0.69819105
chittagong_NORMAL_0685,external,NORMAL,0.03710152
chittagong_NORMAL_0686,external,NORMAL,0.99052048
chittagong_NORMAL_0687,external,NORMAL,0.94218910
chittagong_NORMAL_0688,external,NORMAL,0.55311453
chittagong_NORMAL_0689,external,NORMAL,0.71828365
chittagong_NORMAL_0690,external,NORMAL,0.03249977
chittagong_NORMAL_0691,external,NORMAL,0.40924594
chittagong_NORMAL_0692,external,NORMAL,0.73222280
chittagong_NORMAL_0693,external,NORMAL,0.04603846
chittagong_NORMAL_0694,external,NORMAL,0.64821172
chittagong_NORMAL_0695,external,NORMAL,0.80373406
chittagong_NORMAL_0696,external,NORMAL,0.29838616
chittagong_NORMAL_0697,external,NORMAL,0.92570722
chittagong_NORMAL_0698,external,NORMAL,0.75550413
chittagong_NORMAL_0699,external,NORMAL,0.49671692
chittagong_NORMAL_0700,external,NORMAL,0.42723718
chittagong_NORMAL_0701,external,NORMAL,0.05447362
chittagong_NORMAL_0702,external,NORMAL,0.83649087
chittagong_NORMAL_0703,external,NORMAL,0.61437643
chittagong_NORMAL_0704,external,NORMAL,0.90201831
chittagong_NORMAL_0705,external,NORMAL,0.42630234
chittagong_NORMAL_0706,external,NORMAL,0.31419054
chittagong_NORMAL_0707,external,NORMAL,0.89757407
chittagong_NORMAL_0708,external,NORMAL,0.87385982
chittagong_NORMAL_0709,external,NORMAL,0.46965328
chittagong_NORMAL_0710,external,NORMAL,0.97969782
chittagong_NORMAL_0711,external,NORMAL,0.44707605
chittagong_NORMAL_0712,external,NORMAL,0.42842102
chittagong_NORMAL_0713,external,NORMAL,0.22645666
chittagong_NORMAL_0714,external,NORMAL,0.99376655
chittagong_NORMAL_0715,external,NORMAL,0.64003009
chittagong_NORMAL_0716,external,NORMAL,0.02386412
chittagong_NORMAL_0717,external,NORMAL,0.77781260
chittagong_NORMAL_0718,external,NORMAL,0.95277756
chittagong_NORMAL_0719,external,NORMAL,0.87971801
chittagong_NORMAL_0720,external,NORMAL,0.35569599
chittagong_NORMAL_0721,external,NORMAL,0.94324511
chittagong_NORMAL_0722,external,NORMAL,0.55481869
chittagong_NORMAL_0723,external,NORMAL,0.69125938
chittagong_NORMAL_0724,external,NORMAL,0.85273248
chittagong_NORMAL_0725,external,NORMAL,0.48897201
chittagong_NORMAL_0726,external,NORMAL,0.11241405
chittagong_NORMAL_0727,external,NORMAL,0.99589658
chittagong_NORMAL_0728,external,NORMAL,0.89235330
chittagong_NORMAL_0729,external,NORMAL,0.77372521
chittagong_NORMAL_0730,external,NORMAL,0.58192629
chittagong_NORMAL_0731,external,NORMAL,0.70990884
chittagong_NORMAL_0732,external,NORMAL,0.99640119
chittagong_NORMAL_0733,external,NORMAL,0.96858472
chittagong_NORMAL_0734,external,NORMAL,0.68872696
chittagong_NORMAL_0735,external,NORMAL,0.94292557
chittagong_NORMAL_0736,external,NORMAL,0.01793495
chittagong_NORMAL_0737,external,NORMAL,0.79298180
chittagong_NORMAL_0738,external,NORMAL,0.77162260
chittagong_NORMAL_0739,external,NORMAL,0.11831897
chittagong_NORMAL_0740,external,NORMAL,0.22175847
chittagong_NORMAL_0741,external,NORMAL,0.30340669
chittagong_NORMAL_0742,external,NORMAL,0.88011432
chittagong_NORMAL_0743,external,NORMAL,0.07010854
chittagong_NORMAL_0744,external,NORMAL,0.05638231
chittagong_NORMAL_0745,external,NORMAL,0.18542235
chittagong_NORMAL_0746,external,NORMAL,0.30416980
chittagong_NORMAL_0747,external,NORMAL,0.94742042
chittagong_NORMAL_0748,external,NORMAL,0.98856074
chittagong_NORMAL_0749,external,NORMAL,0.02096359
chittagong_NORMAL_0750,external,NORMAL,0.43334347
chittagong_NORMAL_0751,external,NORMAL,0.71008718
chittagong_NORMAL_0752,external,NORMAL,0.45908532
chittagong_NORMAL_0753,external,NORMAL,0.91338128
chittagong_NORMAL_0754,external,NORMAL,0.93084151
chittagong_NORMAL_0755,external,NORMAL,0.06326023
chittagong_NORMAL_0756,external,NORMAL,0.20849282
chittagong_NORMAL_0757,external,NORMAL,0.73717368
chittagong_NORMAL_0758,external,NORMAL,0.99387026
chittagong_NORMAL_0759,external,NORMAL,0.24636473
chittagong_NORMAL_0760,external,NORMAL,0.30246869
chittagong_NORMAL_0761,external,NORMAL,0.79257399
chittagong_NORMAL_0762,external,NORMAL,0.18600622
chittagong_NORMAL_0763,external,NORMAL,0.81983423
chittagong_NORMAL_0764,external,NORMAL,0.03435888
chittagong_NORMAL_0765,external,NORMAL,0.38509896
chittagong_NORMAL_0766,external,NORMAL,0.84129685
chittagong_NORMAL_0767,external,NORMAL,0.67341387
chittagong_NORMAL_0768,external,NORMAL,0.80812365
chittagong_NORMAL_0769,external,NORMAL,0.87146103
chittagong_NORMAL_0770,external,NORMAL,0.53081912
chittagong_NORMAL_0771,external,NORMAL,0.52773762
chittagong_NORMAL_0772,external,NORMAL,0.09636048
chittagong_NORMAL_0773,external,NORMAL,0.94511658
chittagong_NORMAL_0774,external,NORMAL,0.38050997
chittagong_NORMAL_0775,external,NORMAL,0.95277309
chittagong_NORMAL_0776,external,NORMAL,0.54542470
chittagong_NORMAL_0777,external,NORMAL,0.72412044
chittagong_NORMAL_0778,external,NORMAL,0.96535838
chittagong_NORMAL_0779,external,NORMAL,0.25532889
chittagong_NORMAL_0780,external,NORMAL,0.39273146
chittagong_NORMAL_0781,external,NORMAL,0.98792273
chittagong_NORMAL_0782,external,NORMAL,0.04981983
chittagong_NORMAL_0783,external,NORMAL,0.35020506
chittagong_NORMAL_0784,external,NORMAL,0.02263058
chittagong_NORMAL_0785,external,NORMAL,0.84480941
chittagong_NORMAL_0786,external,NORMAL,0.22698289
chittagong_NORMAL_0787,external,NORMAL,0.81213057
chittagong_NORMAL_0788,external,NORMAL,0.94029969
chittagong_NORMAL_0789,external,NORMAL,0.83068669
chittagong_NORMAL_0790,external,NORMAL,0.53025997
chittagong_NORMAL_0791,external,NORMAL,0.36064079
chittagong_NORMAL_0792,external,NORMAL,0.93538779
chittagong_NORMAL_0793,external,NORMAL,0.02109170
chittagong_NORMAL_0794,external,NORMAL,0.96219033
chittagong_NORMAL_0795,external,NORMAL,0.14334746
chittagong_NORMAL_0796,external,NORMAL,0.01425600
chittagong_NORMAL_0797,external,NORMAL,0.56633329
chittagong_NORMAL_0798,external,NORMAL,0.55790931
chittagong_NORMAL_0799,external,NORMAL,0.51861775
chittagong_NORMAL_0800,external,NORMAL,0.14654425
chittagong_NORMAL_0801,external,NORMAL,0.53253156
chittagong_NORMAL_0802,external,NORMAL,0.59164083
chittagong_NORMAL_0803,external,NORMAL,0.78114247
chittagong_NORMAL_0804,external,NORMAL,0.34574512
chittagong_NORMAL_0805,external,NORMAL,0.94932902
chittagong_NORMAL_0806,external,NORMAL,0.97438806
chittagong_NORMAL_0807,external,NORMAL,0.16754937
chittagong_NORMAL_0808,external,NORMAL,0.93193978
chittagong_NORMAL_0809,external,NORMAL,0.36613616
chittagong_NORMAL_0810,external,NORMAL,0.84809351
chittagong_NORMAL_0811,external,NORMAL,0.65629977
chittagong_NORMAL_0812,external,NORMAL,0.66406393
chittagong_NORMAL_0813,external,NORMAL,0.24797350
chittagong_NORMAL_0814,external,NORMAL,0.23863673
chittagong_NORMAL_0815,external,NORMAL,0.07659080
chittagong_NORMAL_0816,external,NORMAL,0.08831050
chittagong_NORMAL_0817,external,NORMAL,0.95557743
chittagong_NORMAL_0818,external,NORMAL,0.16262484
chittagong_NORMAL_0819,external,NORMAL,0.40238917
chittagong_NORMAL_0820,external,NORMAL,0.99469322
chittagong_NORMAL_0821,external,NORMAL,0.59915054
chittagong_NORMAL_0822,external,NORMAL,0.89907318
chittagong_NORMAL_0823,external,NORMAL,0.60835910
chittagong_NORMAL_0824,external,NORMAL,0.11006664
chittagong_NORMAL_0825,external,NORMAL,0.80995744
chittagong_NORMAL_0826,external,NORMAL,0.53725451
chittagong_NORMAL_0827,external,NORMAL,0.30691054
chittagong_NORMAL_0828,external,NORMAL,0.34509313
chittagong_NORMAL_0829,external,NORMAL,0.69493294
chittagong_NORMAL_0830,external,NORMAL,0.16520961
chittagong_NORMAL_0831,external,NORMAL,0.02896007
chittagong_NORMAL_0832,external,NORMAL,0.78027797
chittagong_NORMAL_0833,external,NORMAL,0.19117567
chittagong_NORMAL_0834,external,NORMAL,0.03362585
chittagong_NORMAL_0835,external,NORMAL,0.64386815
chittagong_NORMAL_0836,external,NORMAL,0.86173946
chittagong_NORMAL_0837,external,NORMAL,0.84382856
chittagong_NORMAL_0838,external,NORMAL,0.84373194
chittagong_NORMAL_0839,external,NORMAL,0.01419351
chittagong_NORMAL_0840,external,NORMAL,0.94818300
chittagong_NORMAL_0841,external,NORMAL,0.85160297
chittagong_NORMAL_0842,external,NORMAL,0.70907444
chittagong_NORMAL_0843,external,NORMAL,0.57984203
chittagong_NORMAL_0844,external,NORMAL,0.45902377
chittagong_NORMAL_0845,external,NORMAL,0.66482860
chittagong_NORMAL_0846,external,NORMAL,0.95421576
chittagong_NORMAL_0847,external,NORMAL,0.02008783
chittagong_NORMAL_0848,external,NORMAL,0.62857389
chittagong_NORMAL_0849,external,NORMAL,0.17367516
chittagong_NORMAL_0850,external,NORMAL,0.78629798
chittagong_NORMAL_0851,external,NORMAL,0.92103660
chittagong_NORMAL_0852,external,NORMAL,0.87842727
chittagong_NORMAL_0853,external,NORMAL,0.37939933
chittagong_NORMAL_0854,external,NORMAL,0.84345776
chittagong_NORMAL_0855,external,NORMAL,0.10187042
chittagong_NORMAL_0856,external,NORMAL,0.80370045
chittagong_NORMAL_0857,external,NORMAL,0.04177385
chittagong_NORMAL_0858,external,NORMAL,0.64648002
chittagong_NORMAL_0859,external,NORMAL,0.84899914
chittagong_NORMAL_0860,external,NORMAL,0.33321768
chittagong_NORMAL_0861,external,NORMAL,0.31304792
chittagong_NORMAL_0862,external,NORMAL,0.96871817
chittagong_NORMAL_0863,external,NORMAL,0.45554963
chittagong_NORMAL_0864,external,NORMAL,0.80812067
chittagong_NORMAL_0865,external,NORMAL,0.01699162
chittagong_NORMAL_0866,external,NORMAL,0.02364475
chittagong_NORMAL_0867,external,NORMAL,0.44796374
chittagong_NORMAL_0868,external,NORMAL,0.92049116
chittagong_NORMAL_0869,external,NORMAL,0.31244454
chittagong_NORMAL_0870,external,NORMAL,0.95185447
chittagong_NORMAL_0871,external,NORMAL,0.94370723
chittagong_NORMAL_0872,external,NORMAL,0.06210703
chittagong_NORMAL_0873,external,NORMAL,0.99695432
chittagong_NORMAL_0874,external,NORMAL,0.26351231
chittagong_NORMAL_0875,external,NORMAL,0.80327308
chittagong_NORMAL_0876,external,NORMAL,0.08268966
chittagong_NORMAL_0877,external,NORMAL,0.96635514
chittagong_NORMAL_0878,external,NORMAL,0.35733312
chittagong_NORMAL_0879,external,NORMAL,0.08955836
chittagong_NORMAL_0880,external,NORMAL,0.36631426
chittagong_NORMAL_0881,external,NORMAL,0.83065248
chittagong_NORMAL_0882,external,NORMAL,0.43351552
chittagong_NORMAL_0883,external,NORMAL,0.68792194
chittagong_NORMAL_0884,external,NORMAL,0.84068602
chittagong_NORMAL_0885,external,NORMAL,0.98740047
chittagong_NORMAL_0886,external,NORMAL,0.61784524
chittagong_NORMAL_0887,external,NORMAL,0.89402241
chittagong_NORMAL_0888,external,NORMAL,0.01846614
chittagong_NORMAL_0889,external,NORMAL,0.57129717
chittagong_NORMAL_0890,external,NORMAL,0.00786047
chittagong_NORMAL_0891,external,NORMAL,0.06351467
chittagong_NORMAL_0892,external,NORMAL,0.81285578
chittagong_NORMAL_0893,external,NORMAL,0.60928494
chittagong_NORMAL_0894,external,NORMAL,0.12367365
chittagong_NORMAL_0895,external,NORMAL,0.66794884
chittagong_NORMAL_0896,external,NORMAL,0.75966448
chittagong_NORMAL_0897,external,NORMAL,0.95598567
chittagong_NORMAL_0898,external,NORMAL,0.99678552
chittagong_NORMAL_0899,external,NORMAL,0.99559963
chittagong_NORMAL_0900,external,NORMAL,0.92986834
chittagong_NORMAL_0901,external,NORMAL,0.62950343
chittagong_NORMAL_0902,external,NORMAL,0.42070973
chittagong_NORMAL_0903,external,NORMAL,0.26856035
chittagong_NORMAL_0904,external,NORMAL,0.01951853
chittagong_NORMAL_0905,external,NORMAL,0.79824591
chittagong_NORMAL_0906,external,NORMAL,0.26018193
chittagong_NORMAL_0907,external,NORMAL,0.37614363
chittagong_NORMAL_0908,external,NORMAL,0.99716681
chittagong_NORMAL_0909,external,NORMAL,0.82732004
chittagong_NORMAL_0910,external,NORMAL,0.94835490
chittagong_NORMAL_0911,external,NORMAL,0.31509578
chittagong_NORMAL_0912,external,NORMAL,0.92098343
chittagong_NORMAL_0913,external,NORMAL,0.99849820
chittagong_NORMAL_0914,external,NORMAL,0.98551428
chittagong_NORMAL_0915,external,NORMAL,0.76607287
chittagong_NORMAL_0916,external,NORMAL,0.48806641
chittagong_NORMAL_0917,external,NORMAL,0.94494432
chittagong_NORMAL_0918,external,NORMAL,0.02172745
chittagong_NORMAL_0919,external,NORMAL,0.99471480
chittagong_NORMAL_0920,external,NORMAL,0.60783440
chittagong_NORMAL_0921,external,NORMAL,0.05785061
chittagong_NORMAL_0922,external,NORMAL,0.42739323
chittagong_NORMAL_0923,external,NORMAL,0.90590900
chittagong_NORMAL_0924,external,NORMAL,0.14524102
chittagong_NORMAL_0925,external,NORMAL,0.36540055
chittagong_NORMAL_0926,external,NORMAL,0.86473596
chittagong_NORMAL_0927,external,NORMAL,0.03748367
chittagong_NORMAL_0928,external,NORMAL,0.37385407
chittagong_NORMAL_0929,external,NORMAL,0.43812340
chittagong_NORMAL_0930,external,NORMAL,0.13029777
chittagong_NORMAL_0931,external,NORMAL,0.74427265
chittagong_NORMAL_0932,external,NORMAL,0.95048380
chittagong_NORMAL_0933,external,NORMAL,0.93976915
chittagong_NORMAL_0934,external,NORMAL,0.98005277
chittagong_NORMAL_0935,external,NORMAL,0.98700458
chittagong_NORMAL_0936,external,NORMAL,0.53984165
chittagong_NORMAL_0937,external,NORMAL,0.03845583
chittagong_NORMAL_0938,external,NORMAL,0.99263668
chittagong_NORMAL_0939,external,NORMAL,0.55512077
chittagong_NORMAL_0940,external,NORMAL,0.82715344
chittagong_NORMAL_0941,external,NORMAL,0.96208149
chittagong_NORMAL_0942,external,NORMAL,0.05712347
chittagong_NORMAL_0943,external,NORMAL,0.93261492
chittagong_NORMAL_0944,external,NORMAL,0.30292138
chittagong_NORMAL_0945,external,NORMAL,0.21925902
chittagong_NORMAL_0946,external,NORMAL,0.21945937
chittagong_NORMAL_0947,external,NORMAL,0.96943700
chittagong_NORMAL_0948,external,NORMAL,0.97663850
chittagong_NORMAL_0949,external,NORMAL,0.00102888
chittagong_NORMAL_0950,external,NORMAL,0.11290797
chittagong_NORMAL_0951,external,NORMAL,0.88060963
chittagong_NORMAL_0952,external,NORMAL,0.89484119
chittagong_NORMAL_0953,external,NORMAL,0.73965603
chittagong_NORMAL_0954,external,NORMAL,0.98878843
chittagong_NORMAL_0955,external,NORMAL,0.99590683
chittagong_NORMAL_0956,external,NORMAL,0.17282169
chittagong_NORMAL_0957,external,NORMAL,0.85272086
chittagong_NORMAL_0958,external,NORMAL,0.33453915
chittagong_NORMAL_0959,external,NORMAL,0.09261799
chittagong_NORMAL_0960,external,NORMAL,0.37894759
chittagong_NORMAL_0961,external,NORMAL,0.67624640
chittagong_NORMAL_0962,external,NORMAL,0.45003384
chittagong_NORMAL_0963,external,NORMAL,0.99256694
chittagong_NORMAL_0964,external,NORMAL,0.60378271
chittagong_NORMAL_0965,external,NORMAL,0.19827686
chittagong_NORMAL_0966,external,NORMAL,0.00534989
chittagong_NORMAL_0967,external,NORMAL,0.81624359
chittagong_NORMAL_0968,external,NORMAL,0.99732167
chittagong_NORMAL_0969,external,NORMAL,0.75166482
chittagong_NORMAL_0970,external,NORMAL,0.57378769
chittagong_NORMAL_0971,external,NORMAL,0.13734894
chittagong_NORMAL_0972,external,NORMAL,0.04292382
chittagong_NORMAL_0973,external,NORMAL,0.10508204
chittagong_NORMAL_0974,external,NORMAL,0.80842584
chittagong_NORMAL_0975,external,NORMAL,0.07319214
chittagong_NORMAL_0976,external,NORMAL,0.53891933
chittagong_NORMAL_0977,external,NORMAL,0.25590858
chittagong_NORMAL_0978,external,NORMAL,0.45645660
chittagong_NORMAL_0979,external,NORMAL,0.36452273
chittagong_NORMAL_0980,external,NORMAL,0.93679380
chittagong_NORMAL_0981,external,NORMAL,0.57091326
chittagong_NORMAL_0982,external,NORMAL,0.68552202
chittagong_NORMAL_0983,external,NORMAL,0.11574672
chittagong_NORMAL_0984,external,NORMAL,0.25220010
chittagong_NORMAL_0985,external,NORMAL,0.04010523
chittagong_NORMAL_0986,external,NORMAL,0.99327469
chittagong_NORMAL_0987,external,NORMAL,0.39691222
chittagong_NORMAL_0988,external,NORMAL,0.36502191
chittagong_NORMAL_0989,external,NORMAL,0.99127102
chittagong_NORMAL_0990,external,NORMAL,0.06547067
chittagong_NORMAL_0991,external,NORMAL,0.53639787
chittagong_NORMAL_0992,external,NORMAL,0.50253010
chittagong_NORMAL_0993,external,NORMAL,0.22420189
chittagong_NORMAL_0994,external,NORMAL,0.53505355
chittagong_NORMAL_0995,external,NORMAL,0.71827310
chittagong_NORMAL_0996,external,NORMAL,0.03526521
chittagong_NORMAL_0997,external,NORMAL,0.20313819
chittagong_NORMAL_0998,external,NORMAL,0.97717780
chittagong_NORMAL_0999,external,NORMAL,0.63471889
chittagong_NORMAL_1000,external,NORMAL,0.06092697
chittagong_NORMAL_1001,external,NORMAL,0.36912137
chittagong_NORMAL_1002,external,NORMAL,0.23481078
chittagong_NORMAL_1003,external,NORMAL,0.93543458
chittagong_NORMAL_1004,external,NORMAL,0.27761221
chittagong_NORMAL_1005,external,NORMAL,0.98003060
chittagong_NORMAL_1006,external,NORMAL,0.76140380
